name,coef,stderr,pval,tval
Intercept,0.29622359905717977,0.13209705882933045,0.024931057295116365,2.242469300091692
serial_pos,-0.02300029289016293,0.03223769940729439,0.47556146607875505,-0.7134594996862177
