name,coef,stderr,pval,tval
Intercept,0.3957834358596839,0.17457521997749062,0.023382734104784038,2.267122652978558
serial_pos,-0.030204225380445066,0.028008996986103984,0.28086606869897657,-1.078375830288753
