name,coef,stderr,pval,tval
Intercept,0.3140333349269731,0.02462113975464314,2.937957835233105e-37,12.754622168445781
ripple_exists,-0.005569185396662484,0.004741549901230677,0.2401749692424684,-1.1745495697972077
HFA_mean,0.012066935336850274,0.0030318564071397406,6.890122961554131e-05,3.9800484311967286
ripple_exists:HFA_mean,-0.010404315551828499,,,
