name,coef,stderr,pval,tval
Intercept,0.31190138245524,0.018640679527655177,7.62406814266313e-63,16.732296802404942
ripple_exists,-0.003837055832265921,0.011865482800027792,0.7464077292283208,-0.3233796632579446
HFA_mean,0.01412222235881896,0.010427288939162721,0.1756240201096868,1.3543522617637302
ripple_exists:HFA_mean,-0.006909454124138473,0.005905396444443588,0.24199140922086848,-1.1700237552450194
