name,coef,stderr,pval,tval
Intercept,0.31355592726776904,0.017898880326381993,1.0409048368729104e-68,17.518186699399536
ripple_exists,-0.009949094670287147,0.0063336977326811286,0.11622462658725255,-1.5708193049616181
HFA_mean,0.013480005394088232,0.003152256728721539,1.900224220689769e-05,4.2763031549004955
ripple_exists:HFA_mean,-0.003362308701834589,0.003860171420664347,0.3837400941084339,-0.871025748710384
