name,coef,stderr,pval,tval
Intercept,0.3140711324920103,0.02635919256203935,9.880531130051278e-33,11.915051333716246
ripple_exists,-0.008852205495709869,0.01349772542221401,0.5119338818534394,-0.6558294245000175
HFA_mean,0.01010272385519004,0.0043717294833572,0.020837188737205452,2.310921545729269
ripple_exists:HFA_mean,-0.004037030796020991,0.006255230006079931,0.5186778066207858,-0.645384868677426
