name,coef,stderr,pval,tval
Intercept,0.35339304308284536,0.08178043619819955,1.551535022858327e-05,4.321241845988411
ripple_exists,-0.01210125479007775,0.021700180339996142,0.5770787099825585,-0.5576568766008653
HFA_mean,0.010607046580835272,0.017764613603025507,0.5504482919789859,0.5970885051521063
ripple_exists:HFA_mean,0.01528117434374409,0.017426391604113644,0.38054184315901074,0.8768983671947808
