name,coef,stderr,pval,tval
Intercept,-0.17382814264761462,0.049802537106682,0.0004823935019573723,-3.4903471338268854
ripple_exists,1.082536600114235,0.189616868711093,1.1359297295082641e-08,5.7090732880080735
word_recalled,0.0701195623007682,0.04462643030634375,0.11612311422670762,1.5712563568141935
ripple_exists:word_recalled,-0.08122554547690101,0.07986075465652183,0.3091107925713321,-1.0170896308987951
