name,coef,stderr,pval,tval
Intercept,0.3005290136593946,0.03375961961684887,5.483638889105139e-19,8.90202606161491
ripple_exists,-0.010409776251014555,0.01589444087158992,0.512511604986098,-0.6549318931766402
HFA_mean,0.018494411485167193,0.004481584965261943,3.679150272048701e-05,4.126756856898331
ripple_exists:HFA_mean,-0.005497555604783495,0.004181279563144696,0.18857638497010765,-1.3148022086925089
