name,coef,stderr,pval,tval
Intercept,0.3289569361586389,0.003952286786644966,0.0,83.23205119380653
ripple_exists,0.20003606124028284,0.005813641233063917,3.1659155027090714e-254,34.40805051791258
HFA_mean,-0.0026994156793973935,0.0030161024569187933,0.3707939619901024,-0.8950013197347008
ripple_exists:HFA_mean,0.01006810894526575,0.004228780546335482,0.017279106084902386,2.3808539684071413
