name,coef,stderr,pval,tval
Intercept,0.3061874351474524,0.0034453958235737873,0.0,88.86858022305692
ripple_exists,0.24678487932435705,0.005366285826983782,0.0,45.98802361279868
HFA_mean,0.00873707102871393,0.0024984331080544655,0.00047109797159829966,3.497020192594831
ripple_exists:HFA_mean,0.0035014984544928674,0.0036825763566881334,0.3416983451075831,0.9508284731513034
