name,coef,stderr,pval,tval
Intercept,0.3671273890546447,0.0018113189386064765,0.0,202.68511592833627
ripple_exists,0.024108507769251844,0.0039227438524941805,7.985452483157333e-10,6.14582768485458
HFA_mean,0.02119616069087568,0.0014070325091808265,3.1699557383821116e-51,15.064442756348305
ripple_exists:HFA_mean,-0.01261977164344026,0.002354435191302059,8.341065178194705e-08,-5.3599995829408345
