name,coef,stderr,pval,tval
Intercept,0.32663921945451957,0.007112333585970809,0.0,45.925745116739265
ripple_exists,0.17980793630241365,0.011096433539852828,3.939966071767725e-58,16.204119608037452
HFA_mean,0.03734528360908061,0.0051208817868032335,3.3270619390915167e-13,7.292744719341357
ripple_exists:HFA_mean,-0.011415306560596732,0.007705175812890102,0.13850967345815024,-1.481511497959579
