name,coef,stderr,pval,tval
Intercept,0.3284733892569451,0.006614392352984841,0.0,49.66040291043767
ripple_exists,0.0187597011867668,0.009603781632945065,0.050804398969922636,1.9533660701335636
HFA_mean,0.01982395346457797,0.0048466727907461055,4.34383029754426e-05,4.090219067899205
ripple_exists:HFA_mean,-0.015917083234529734,0.006626949201980195,0.016329752036871887,-2.401871924681958
