name,coef,stderr,pval,tval
Intercept,-0.13072969535996157,0.020119158137571168,8.518695544345004e-11,-6.497771649591675
ripple_exists,0.7906282439389284,0.037863872911625886,6.493145638323884e-95,20.880807565149272
word_recalled,-0.02585710618846709,0.03509153006619868,0.4612314462802224,-0.7368474996584292
ripple_exists:word_recalled,0.09453870942795553,0.06738387240579385,0.16065003024212024,1.4029871845095507
