name,coef,stderr,pval,tval
Intercept,0.3749179121678584,0.0024173422079542986,0.0,155.0950920122876
ripple_exists,0.01717588220777442,0.005227715464908572,0.0010185015719673572,3.2855426664034804
HFA_mean,0.01471683663136535,0.001869289795027785,3.5268972212722397e-15,7.872956173254345
ripple_exists:HFA_mean,-0.004136727901127057,0.003228648907142545,0.20010896577751558,-1.281256655678982
